consumer_id,name,email
A1B2C3D4,John Doe,johndoe1@example.com
E5F6G7H8,Jane Smith,janesmith2@example.com
I9J0K1L2,Michael Brown,michaelbrown3@example.com
M3N4O5P6,Emily Davis,emilydavis4@example.com
Q7R8S9T0,David Wilson,davidwilson5@example.com
U1V2W3X4,Sarah Johnson,sarahjohnson6@example.com
Y5Z6A7B8,Chris Lee,chrislee7@example.com
C9D0E1F2,Ashley White,ashleywhite8@example.com
G3H4I5J6,Matthew Harris,matthewharris9@example.com
K7L8M9N0,Amanda Clark,amandaclark10@example.com
O1P2Q3R4,Joshua Lewis,joshllewis11@example.com
S5T6U7V8,Jessica Young,jessicayoung12@example.com
W9X0Y1Z2,Daniel Hall,danielhall13@example.com
A3B4C5D6,Olivia Allen,oliviaallen14@example.com
E7F8G9H0,Andrew King,andrewking15@example.com
I1J2K3L4,Elizabeth Wright,elizabethwright16@example.com
M5N6O7P8,James Scott,jamesscott17@example.com
Q9R0S1T2,Stephanie Green,stephaniegreen18@example.com
U3V4W5X6,Brandon Adams,brandonadams19@example.com
Y7Z8A9B0,Rebecca Baker,rebeccabaker20@example.com
C1D2E3F4,Justin Nelson,justinnelson21@example.com
G5H6I7J8,Laura Carter,lauracarter22@example.com
K9L0M1N2,Kevin Mitchell,kevinmitchell23@example.com
O3P4Q5R6,Michelle Perez,michelleperez24@example.com
S7T8U9V0,Jason Roberts,jasonroberts25@example.com
W1X2Y3Z4,Angela Turner,angelaturner26@example.com
A5B6C7D8,Eric Phillips,ericphillips27@example.com
E9F0G1H2,Melissa Campbell,melissacampbell28@example.com
I3J4K5L6,Steven Parker,stevenparker29@example.com
M7N8O9P0,Laura Evans,lauraevans30@example.com
Q1R2S3T4,Patrick Edwards,patrickedwards31@example.com
U5V6W7X8,Kimberly Collins,kimberlycollins32@example.com
Y9Z0A1B2,Sean Stewart,seanstewart33@example.com
C3D4E5F6,Christina Sanchez,christinasanchez34@example.com
G7H8I9J0,Peter Morris,petermorris35@example.com
K1L2M3N4,Heather Rogers,heatherrogers36@example.com
O5P6Q7R8,Gregory Reed,gregoryreed37@example.com
S9T0U1V2,Amber Cook,ambercook38@example.com
W3X4Y5Z6,Shawn Morgan,shawnmorgan39@example.com
A7B8C9D0,Julie Bell,juliebell40@example.com
E1F2G3H4,Adam Murphy,adammurphy41@example.com
I5J6K7L8,Victoria Bailey,victoriabailey42@example.com
M9N0O1P2,Scott Rivera,scottrivera43@example.com
Q3R4S5T6,Danielle Cooper,daniellecooper44@example.com
U7V8W9X0,Tyler Richardson,tylerrichardson45@example.com
Y1Z2A3B4,Erin Cox,erincox46@example.com
C5D6E7F8,Shane Howard,shanehoward47@example.com
G9H0I1J2,Kristen Ward,kristenward48@example.com
K3L4M5N6,Travis Torres,travistorres49@example.com
O7P8Q9R0,Monica Peterson,monicapeterson50@example.com
